Model,Temperature,Max Tokens,Frequency Penalty,Presence Penalty,Output
gpt-4o-mini,0.0,50,0.0,0.0,"**Apple iPhone: The Ultimate Smartphone Experience**

Discover the power and elegance of the Apple iPhone, a device that seamlessly blends cutting-edge technology with a sleek design. With its stunning Retina display, the iPhone offers vibrant colors and sharp details,"
gpt-4o-mini,0.0,50,0.0,1.5,"**Apple iPhone: The Ultimate Smartphone Experience**

Discover the power and elegance of the Apple iPhone, a device that seamlessly blends cutting-edge technology with user-friendly design. With its sleek aesthetics and robust performance, the iPhone is more than just a"
gpt-4o-mini,0.0,50,1.5,0.0,"**Apple iPhone: The Ultimate Smartphone Experience**

Discover the power and elegance of the Apple iPhone, a device that seamlessly blends cutting-edge technology with user-friendly design. With its sleek aesthetics and robust performance, the iPhone is more than just a"
gpt-4o-mini,0.0,50,1.5,1.5,"**Apple iPhone: The Ultimate Smartphone Experience**

Discover the power and elegance of the Apple iPhone, a device that seamlessly blends cutting-edge technology with user-friendly design. With its sleek aesthetics and robust performance, the iPhone is more than just a"
gpt-4o-mini,0.0,150,0.0,0.0,"**Apple iPhone: The Ultimate Smartphone Experience**

Discover the power and elegance of the Apple iPhone, a device that seamlessly blends cutting-edge technology with a sleek design. With its stunning Retina display, the iPhone offers vibrant colors and sharp details, making every photo, video, and app come to life. 

**Key Features:**

- **Advanced Camera System:** Capture breathtaking photos and videos with the iPhone's state-of-the-art camera technology. Enjoy features like Night mode, Deep Fusion, and Smart HDR for stunning results in any lighting condition.

- **A15 Bionic Chip:** Experience lightning-fast performance with the A15 Bionic chip, designed to handle demanding tasks and graphics-intensive games with ease. Enjoy smooth multitasking and enhanced battery"
gpt-4o-mini,0.0,150,0.0,1.5,"**Apple iPhone: The Ultimate Smartphone Experience**

Discover the power and elegance of the Apple iPhone, a device that seamlessly blends cutting-edge technology with user-friendly design. With its sleek aesthetics and robust performance, the iPhone is more than just a smartphone; it's an essential tool for modern life.

**Key Features:**

- **Stunning Display:** Enjoy vibrant colors and sharp details on the Super Retina XDR display, which offers an immersive viewing experience whether you're streaming videos, browsing photos, or playing games.

- **Advanced Camera System:** Capture life's moments in stunning detail with the advanced camera system. Featuring Night mode, Deep Fusion, and Smart HDR, your photos will look incredible in any lighting condition.

- **A Powerful Processor:** Powered by"
gpt-4o-mini,0.0,150,1.5,0.0,"**Apple iPhone: The Ultimate Smartphone Experience**

Discover the power and elegance of the Apple iPhone, a device that seamlessly blends cutting-edge technology with user-friendly design. With its sleek aesthetics and robust performance, the iPhone is more than just a smartphone; it's an essential tool for modern life.

**Key Features:**

- **Stunning Display:** Enjoy vibrant colors and sharp details on the Super Retina XDR display. Whether you're streaming videos or browsing photos, every image comes to life with incredible clarity.

- **Advanced Camera System:** Capture stunning photos and videos with advanced camera features including Night mode, Deep Fusion, and Smart HDR. The front-facing camera also supports Portrait mode for beautiful selfies.

- **A15 Bionic Chip:** Experience lightning"
gpt-4o-mini,0.0,150,1.5,1.5,"**Apple iPhone: The Ultimate Smartphone Experience**

Discover the power and elegance of the Apple iPhone, a device that seamlessly blends cutting-edge technology with user-friendly design. With its sleek aesthetics and robust performance, the iPhone is more than just a smartphone; it's an essential tool for modern life.

**Key Features:**

- **Stunning Display:** Enjoy vibrant colors and sharp details on the Super Retina XDR display (available in select models), providing an immersive viewing experience whether you're streaming videos or browsing photos.
  
- **Advanced Camera System:** Capture life's moments like never before with advanced camera features including Night mode, Deep Fusion, and Smart HDR. Whether you’re taking portraits or landscapes, your photos will look stunning.

- **A15 B"
gpt-4o-mini,0.0,300,0.0,0.0,"**Apple iPhone: The Ultimate Smartphone Experience**

Discover the power and elegance of the Apple iPhone, a device that seamlessly blends cutting-edge technology with a sleek design. With its stunning Retina display, the iPhone offers vibrant colors and sharp details, making every photo, video, and app come to life. 

**Key Features:**

- **Advanced Camera System:** Capture breathtaking photos and videos with the iPhone's state-of-the-art camera technology. Enjoy features like Night mode, Deep Fusion, and Smart HDR for stunning results in any lighting condition.

- **A15 Bionic Chip:** Experience lightning-fast performance with the A15 Bionic chip, designed to handle demanding tasks and graphics-intensive games with ease. Enjoy smooth multitasking and enhanced battery efficiency.

- **iOS Ecosystem:** Benefit from the intuitive iOS interface, which provides access to a vast array of apps, games, and services through the App Store. Enjoy seamless integration with other Apple devices, including iPad, Mac, and Apple Watch.

- **5G Connectivity:** Stay connected with ultra-fast 5G speeds, allowing for quicker downloads, smoother streaming, and enhanced online gaming experiences.

- **Privacy and Security:** Your privacy is a top priority with the iPhone. Features like Face ID and end-to-end encryption ensure that your personal information remains secure.

- **Sleek Design:** The iPhone's premium materials and elegant design make it a stylish accessory for any occasion. Choose from a variety of colors and"
gpt-4o-mini,0.0,300,0.0,1.5,"**Apple iPhone: The Ultimate Smartphone Experience**

Discover the power and elegance of the Apple iPhone, a device that seamlessly blends cutting-edge technology with user-friendly design. With its sleek aesthetics and robust performance, the iPhone is more than just a smartphone; it's an essential tool for modern life.

**Key Features:**

- **Stunning Display:** Enjoy vibrant colors and sharp details on the Super Retina XDR display, which offers an immersive viewing experience whether you're streaming videos, browsing photos, or playing games.

- **Advanced Camera System:** Capture life's moments in stunning detail with the advanced camera system. Featuring Night mode, Deep Fusion, and Smart HDR, your photos will look incredible in any lighting condition.

- **A15 Bionic Chip:** Experience lightning-fast performance with the A15 Bionic chip, designed to handle demanding tasks effortlessly while optimizing battery life for all-day use.

- **iOS Ecosystem:** Benefit from the seamless integration of iOS, providing access to a vast array of apps, services, and features that enhance productivity and entertainment.

- **5G Connectivity:** Stay connected at blazing speeds with 5G support, allowing you to download content, stream high-quality video, and enjoy online gaming without interruptions.

- **Privacy and Security:** Your privacy is paramount. With features like Face ID and end-to-end encryption, the iPhone ensures that your personal information remains secure.

- **Sustainable Design:** Apple is committed to reducing its environmental impact. The iPhone is crafted"
gpt-4o-mini,0.0,300,1.5,0.0,"**Apple iPhone - The Ultimate Smartphone Experience**

Discover the power and elegance of the latest Apple iPhone, a device that seamlessly blends cutting-edge technology with sleek design. Whether you're capturing stunning photos, enjoying immersive gaming experiences, or staying connected with friends and family, the iPhone is engineered to elevate your everyday life.

**Key Features:**

- **Stunning Display:** Enjoy vibrant colors and sharp details on a Super Retina XDR display that brings your content to life. With True Tone technology and HDR support, every image looks incredible in any lighting condition.

- **Advanced Camera System:** Capture breathtaking photos and videos with an advanced camera system featuring Night mode for low-light photography, Deep Fusion for enhanced detail, and 4K video recording capabilities. Your memories will be preserved in stunning clarity.

- **A Powerful Processor:** Powered by Apple's latest A-series chip (e.g., A15 Bionic), experience lightning-fast performance whether you’re multitasking between apps or playing graphics-intensive games. The efficiency of this chip also ensures longer battery life throughout your day.

- **iOS Ecosystem:** Benefit from seamless integration within the Apple ecosystem. Access thousands of apps on the App Store tailored specifically for iOS while enjoying features like FaceTime video calls, Messages syncing across devices, and more.

- **Enhanced Security & Privacy:** With Face ID facial recognition technology or Touch ID fingerprint sensor (depending on model), enjoy secure access to your device while keeping your personal information safe through robust privacy features built into i"
gpt-4o-mini,0.0,300,1.5,1.5,"**iPhone: The Ultimate Smartphone Experience**

Discover the power and elegance of the iPhone, a revolutionary smartphone that combines cutting-edge technology with sleek design. With its stunning Retina display, advanced camera system, and seamless integration into the Apple ecosystem, the iPhone is designed to enhance your daily life.

**Key Features:**

- **Stunning Display:** Enjoy vibrant colors and sharp details on an edge-to-edge Super Retina XDR display that brings your photos, videos, and apps to life.
  
- **Advanced Camera System:** Capture breathtaking images with multiple lenses featuring Night mode for low-light photography. Record 4K video effortlessly or use cinematic mode for professional-quality footage.

- **A15 Bionic Chip:** Experience lightning-fast performance with Apple's most powerful chip yet. Whether you're gaming or multitasking between apps, enjoy smooth operation without lag.

- **5G Connectivity:** Stay connected at incredible speeds with 5G support—stream high-definition content seamlessly and download large files in seconds.

- **iOS Ecosystem Integration:** Benefit from features like FaceTime for crystal-clear calls; Messages for easy communication; Apple Pay for secure transactions; plus access to thousands of apps through the App Store.

- **Privacy & Security Focused:** Your data security is paramount. With built-in privacy features such as Face ID facial recognition technology and end-to-end encryption in messaging services, you can trust that your information stays safe.

Available in various models including standard versions as well as Pro options offering enhanced capabilities tailored to"
gpt-4o-mini,0.7,50,0.0,0.0,"**Apple iPhone – The Ultimate Smartphone Experience**

Experience the power of innovation with the latest Apple iPhone, designed to elevate your connectivity, creativity, and productivity. With cutting-edge technology and sleek aesthetics, the iPhone is not just a smartphone;"
gpt-4o-mini,0.7,50,0.0,1.5,"Introducing the latest iPhone, a perfect blend of cutting-edge technology and sleek design. The new iPhone features an advanced A-series chip that delivers lightning-fast performance and efficiency, ensuring seamless multitasking and gaming experiences. 

With its stunning Super Retina X"
gpt-4o-mini,0.7,50,1.5,0.0,"**Apple iPhone - The Ultimate Smartphone Experience**

Discover the power and elegance of the Apple iPhone, a device that has redefined what a smartphone can be. With its sleek design, cutting-edge technology, and intuitive interface, the iPhone is"
gpt-4o-mini,0.7,50,1.5,1.5,"### Apple iPhone

**Introducing the Latest iPhone: Innovation in Your Hands**

Experience the future of mobile technology with the latest Apple iPhone, designed to enhance your everyday life with cutting-edge features and exceptional performance. With its sleek design, powerful"
gpt-4o-mini,0.7,150,0.0,0.0,"**Apple iPhone: The Ultimate Smartphone Experience**

Discover the power and elegance of the latest Apple iPhone, designed to elevate your mobile experience to new heights. With its sleek design, cutting-edge technology, and user-friendly interface, the iPhone continues to set the standard for smartphones.

**Key Features:**

- **Stunning Display**: Enjoy vibrant colors and sharp details on a Super Retina XDR display, perfect for streaming, gaming, or browsing your favorite content.

- **Advanced Camera System**: Capture stunning photos and videos with the latest multi-lens camera system. Features like Night mode, Deep Fusion, and Smart HDR ensure every shot is picture-perfect, day or night.

- **A Powerful Chip**: Powered by Apple's latest A"
gpt-4o-mini,0.7,150,0.0,1.5,"**iPhone: The Ultimate Smartphone Experience**

Discover the power and elegance of the iPhone, a device that seamlessly blends cutting-edge technology with sophisticated design. With its sleek aluminum and glass construction, the iPhone not only looks stunning but also feels premium in your hand.

**Key Features:**

- **Stunning Display:** Enjoy vibrant colors and sharp details on the Super Retina XDR display. Whether you're watching videos, playing games, or browsing photos, every visual is enhanced for an immersive experience.

- **Advanced Camera System:** Capture life's moments like never before with the iPhone's state-of-the-art camera system. Featuring advanced computational photography capabilities, you can take stunning photos and videos in any lighting condition, including Night mode and 4K video"
gpt-4o-mini,0.7,150,1.5,0.0,"**Apple iPhone - The Ultimate Smartphone Experience**

Discover the power and elegance of the latest Apple iPhone, a device that combines cutting-edge technology with stunning design. Whether you're capturing memories, staying connected, or enjoying your favorite apps, the iPhone delivers an unparalleled experience.

**Key Features:**

- **Stunning Display:** Featuring a vibrant Super Retina XDR display that brings your content to life with true-to-life colors and sharp detail. Enjoy immersive visuals whether you’re streaming videos or gaming.

- **Advanced Camera System:** Capture breathtaking photos and videos with a state-of-the-art camera system equipped with advanced computational photography features. Night mode, Deep Fusion, and Smart HDR ensure stunning results in any lighting condition.

- **A Powerful Chipset:**"
gpt-4o-mini,0.7,150,1.5,1.5,"**iPhone: The Ultimate Smartphone Experience**

Discover the power and innovation of the latest iPhone, designed to enhance your daily life with cutting-edge technology and seamless performance. With its sleek design, vibrant display, and advanced camera system, this smartphone is not just a device; it's an extension of yourself.

**Key Features:**

- **Stunning Display:** Enjoy everything in vivid detail on a Super Retina XDR or Liquid Retina HD display (depending on model), offering true-to-life colors and incredible brightness for all your content—whether you’re streaming videos or browsing photos.

- **Pro Camera System:** Capture professional-quality photos and videos effortlessly. With multiple lenses including ultra-wide and telephoto options (available on select models), Night mode capabilities, enhanced"
gpt-4o-mini,0.7,300,0.0,0.0,"Introducing the latest iPhone – a masterpiece of technology and design that redefines what a smartphone can be. With its sleek, modern aesthetics and durable glass and aluminum construction, the iPhone not only looks stunning but is built to withstand the rigors of daily life.

**Stunning Display:** Immerse yourself in a breathtaking Super Retina XDR display that delivers vibrant colors, deep blacks, and true-to-life visuals. Whether you're streaming your favorite shows, browsing photos, or gaming, every detail comes to life.

**Powerful Performance:** Equipped with the latest A-series chip, the iPhone offers lightning-fast performance and efficiency. Experience seamless multitasking, enhanced graphics, and improved battery life, making it perfect for both work and play.

**Advanced Camera System:** Capture your world like never before with an advanced dual or triple-camera system (depending on the model). From stunning portraits to low-light photography, every shot is a masterpiece. With features like Night mode, Deep Fusion, and 4K video recording, your creativity knows no bounds.

**5G Connectivity:** Stay connected at incredible speeds with 5G capability. Download movies, stream content, and enjoy online gaming without any lag, making it easier than ever to stay in touch with what matters most.

**iOS Ecosystem:** Enjoy the seamless integration of iOS, offering a user-friendly experience with access to a vast ecosystem of apps, services, and features designed to enhance your everyday life. From FaceTime to Apple Pay, everything you"
gpt-4o-mini,0.7,300,0.0,1.5,"Introducing the latest iPhone, a perfect blend of cutting-edge technology and sleek design. With its stunning Super Retina XDR display, every image comes to life with vibrant colors and sharp details, making your photos and videos more immersive than ever.

Powered by the advanced A-series chip, this iPhone delivers lightning-fast performance, whether you’re gaming, streaming, or multitasking. The upgraded camera system features improved low-light capabilities and enhanced computational photography, allowing you to capture breathtaking photos and videos in any setting.

Stay connected longer with extended battery life and fast charging capabilities that keep you powered throughout the day. With 5G compatibility, enjoy ultra-fast download speeds and seamless connectivity wherever you go.

The iPhone also prioritizes your privacy and security with Face ID technology and regular software updates. Plus, with iOS's intuitive interface, accessing apps, services, and features has never been easier.

Available in an array of stylish colors and storage options, the new iPhone is not just a phone; it’s a powerful tool designed for your lifestyle. Upgrade today and experience innovation at your fingertips!"
gpt-4o-mini,0.7,300,1.5,0.0,"**Apple iPhone – The Ultimate Smartphone Experience**

Discover the cutting-edge technology and sleek design of the latest Apple iPhone, a device that redefines what a smartphone can be. With its powerful A-series chip, stunning Retina display, and advanced camera system, it’s engineered to enhance your everyday life.

**Key Features:**

- **Stunning Display:** Immerse yourself in vibrant colors and sharp details on the Super Retina XDR display. Whether you’re streaming videos or browsing photos, every visual experience is brought to life with exceptional clarity.
  
- **Powerful Performance:** Equipped with Apple’s latest A-series chip (A15 Bionic or newer), enjoy lightning-fast performance for gaming, multitasking, and even demanding apps without any lag.

- **Advanced Camera System:** Capture professional-quality photos and videos with an innovative dual-camera or triple-camera system. Night mode ensures stunning low-light photography while enhanced computational photography features make every shot picture-perfect.

- **5G Connectivity:** Stay connected at lightning speed wherever you go with 5G capability. Enjoy seamless streaming, faster downloads, and improved connectivity during video calls.

- **iOS Ecosystem Integration:** Experience unparalleled integration within the Apple ecosystem—sync effortlessly across all your devices like MacBooks and iPads using features such as Handoff and AirDrop for effortless sharing.

- **Durability & Design:** Crafted from premium materials including Ceramic Shield glass for enhanced durability against drops. Choose from a range of stylish colors that fit your personal aesthetic perfectly."
gpt-4o-mini,0.7,300,1.5,1.5,"**Apple iPhone - Your Ultimate Smartphone Experience**

Discover the power of innovation with the latest Apple iPhone, designed to elevate your smartphone experience. Combining cutting-edge technology with sleek design, this device is perfect for those who demand excellence in their everyday life.

**Key Features:**

- **Stunning Display:** Enjoy vibrant colors and sharp details on a Super Retina XDR display that brings everything to life—whether you’re streaming videos or browsing photos.

- **Powerful Performance:** Equipped with Apple's A-series chip (latest model features the A16 Bionic), experience lightning-fast performance and efficiency for all your apps, games, and multitasking needs.

- **Advanced Camera System:** Capture stunning photos and videos with an advanced dual or triple camera system featuring Night mode, Deep Fusion, Smart HDR 4, and ProRAW capabilities. Perfect selfies are just a click away!

- **5G Connectivity:** Stay connected at incredible speeds! With 5G support*, stream high-quality content without buffering while enjoying smoother gaming experiences.

- **iOS Ecosystem Integration:** Seamlessly integrate into the Apple ecosystem; sync effortlessly across devices like MacBooks and iPads while accessing over a million apps available on the App Store tailored to enhance productivity & creativity.

- **Enhanced Battery Life:** All-day battery life ensures that you're powered up during work hours as well as fun activities after hours. Quick charging options keep you going when time is tight!

With its elegant design choices—from premium materials like surgical-grade stainless steel to aerospace"
gpt-4o-mini,1.2,50,0.0,0.0,"Introducing the latest iPhone – where cutting-edge technology meets exceptional design. The newest model features a sleek, durable body crafted from high-quality materials, ensuring it not only looks stunning but also stands up to daily wear and tear. 

**Key Features:"
gpt-4o-mini,1.2,50,0.0,1.5,"**Product Description: iPhone**

Introducing the latest iPhone, where cutting-edge technology meets sleek design. Engineered for performance and style, this smartphone redefines what you can expect from a mobile device.

**Key Features:**

- **Brilliant"
gpt-4o-mini,1.2,50,1.5,0.0,"### iPhone: The Ultimate Smartphone Experience

**Elevate Your Everyday Life with Cutting-Edge Technology**

Discover the sleek elegance and powerhouse performance of the latest iPhone. Designed for those who demand excellence, this smartphone combines style, functionality, and groundbreaking"
gpt-4o-mini,1.2,50,1.5,1.5,"Introducing the latest **iPhone**, a perfect blend of cutting-edge technology and elegant design. The new iPhone raises the bar for smartphones with its advanced features that enhance your everyday life.

**Key Features:**

- **Stunning Display:** Experience vibrant"
gpt-4o-mini,1.2,150,0.0,0.0,"**Apple iPhone - Where Innovation Meets Elegance**

Experience the cutting-edge technology and sleek design of the Apple iPhone. Built for those who demand excellence, this smartphone delivers an unparalleled user experience through its powerful performance, stunning visuals, and a rich ecosystem of apps and services.

### Key Features:

- **Stunning Display:** The iPhone features a vibrant Super Retina XDR display, offering ultra-high resolution and vivid colors that make every image and video come to life. With HDR support, enjoy a cinema-quality viewing experience in the palm of your hand.

- **Powerful Performance:** Equipped with Apple's latest A-series chip, the iPhone boasts lightning-fast processing speed and enhanced energy efficiency, enabling seamless multitasking and smooth gaming adventures.

- **"
gpt-4o-mini,1.2,150,0.0,1.5,"**Introducing the iPhone: Where Innovation Meets Elegance**

Experience the pinnacle of technology with the latest iPhone. Designed to empower your everyday life, this smartphone combines top-tier performance with a sleek, modern aesthetic.

**Key Features:**

- **Stunning Display:** Enjoy vivid colors and incredible clarity on a Super Retina XDR display that puts everything you love at your fingertips.
  
- **A Powerful Processor:** The latest A-series chip delivers lightning-fast speed and responsiveness for all your apps, games, and multitasking needs.

- **All-Day Battery Life:** Stay connected longer with improved battery efficiency, allowing you to do more without worrying about recharging.
  
- **Pro Camera System:** Capture stunning photos and videos in any lighting condition with advanced"
gpt-4o-mini,1.2,150,1.5,0.0,"### iPhone: The Revolutionary Smartphone

#### Overview
Discover the remarkable features that make the iPhone more than just a smartphone—it's an all-in-one device designed to enhance your lifestyle and keep you connected. With its sleek design, cutting-edge technology, and intuitive interface, the iPhone is perfect for anyone who values innovation and style.

#### Key Features

- **Stunning Display**: Enjoy vibrant colors and sharp details on the stunning Super Retina XDR display. Whether you're watching videos or browsing photos, every image pops with life.

- **Powerful Performance**: Equipped with Apple's latest A-series chip, experience lightning-fast performance for apps ranging from productivity tools to high-end games. The efficiency of this chip also maximizes battery life.

-"
gpt-4o-mini,1.2,150,1.5,1.5,"**iPhone - Where Innovation Meets Elegance**

Discover the magic of communication and connectivity with the latest iPhone, a masterpiece from Apple designed to elevate your everyday experience. With its sleek design and cutting-edge technology, this smartphone exemplifies sophistication while delivering unparalleled functionality.

**Key Features:**

- **Stunning Display:** Experience vibrant colors and ultra-sharp images on an all-screen Retina display that offers breathtaking clarity for photos, videos, and apps.
  
- **Powerful Performance:** Built with Apple's most advanced chip (e.g., A16 Bionic), enjoy lightning-fast performance that keeps up with demanding tasks like gaming, video editing, or multitasking seamlessly.

- **Exceptional Camera System:** Capture life's precious moments in stunning detail with the innovative camera"
gpt-4o-mini,1.2,300,0.0,0.0,"**Apple iPhone - Elevate Your Connectivity**

Embrace the future of communication and innovation with the latest Apple iPhone. Designed with a perfect blend of aesthetics and performance, this smartphone is more than just a device; it's a lifestyle companion that keeps you connected, informed, and entertained.

**Key Features:**

- **Stunning Display:** Enjoy vibrant visuals on a Super Retina XDR display that brings every image to life with exceptional clarity, contrast, and color accuracy. Whether you're streaming your favorite shows or browsing photos, every detail shines.

- **Powerful Performance:** Equipped with the latest A-series chip, the iPhone delivers lightning-fast performance and smooth multitasking. Run the most demanding apps, play high-graphic games, and switch between tasks seamlessly.

- **Exceptional Camera System:** Capture life's beautiful moments with a state-of-the-art camera system. With advanced features like Night mode, Portrait mode, and 4K video recording, your memories will be preserved in stunning quality.

- **Long-Lasting Battery Life:** Keep going throughout your day with a battery that lasts. The iPhone offers efficient energy usage, allowing you to enjoy more screen time, calls, and entertainment without frequent recharging.

- **iOS Ecosystem:** Stay connected in a user-friendly environment with iOS, Apple’s powerful operating system. Enjoy regular updates, an array of apps through the App Store, and seamless integration with other Apple devices.

- **Enhanced Security:** Your data's safety is paramount."
gpt-4o-mini,1.2,300,0.0,1.5,"Introducing the latest iPhone, a perfect fusion of cutting-edge technology, stunning design, and unmatched performance. Engineered to elevate your smartphone experience, this device boasts a breathtaking Super Retina display with vibrant colors and incredible clarity, making every image and video come to life.

Powered by Apple's next-generation A-series chip, the iPhone ensures lightning-fast speed and responsiveness, allowing seamless multitasking and effortless navigation through apps and games. Its advanced camera system revolutionizes photography, featuring state-of-the-art enhancements that deliver stunning photos even in low light and 4K video recording capabilities that capture every moment beautifully.

With enhanced battery life, you can stay connected longer without worrying about running out of power. Plus, enjoy the peace of mind that comes with industry-leading security, thanks to Face ID and a range of privacy features built right into iOS.

Constructed with premium materials, the sleek and modern design not only feels great in your hand but also withstands the test of time. With various color options to choose from, it’s easy to find one that matches your personal style.

The iPhone seamlessly integrates with the Apple ecosystem, allowing you to easily connect with other devices like iPads, Macs, and Apple Watches for an unparalleled user experience. Whether you're streaming music, making video calls, or managing your smart home, the iPhone is your ultimate companion.

Step into the future - the new iPhone is here to change the way you communicate, create, and connect!"
gpt-4o-mini,1.2,300,1.5,0.0,"**Apple iPhone: The Epitome of Innovation and Style**

Experience the power of extraordinary with the latest Apple iPhone, a smartphone that seamlessly blends cutting-edge technology and stunning design. Whether you’re capturing life’s most memorable moments, engaging in video calls, or managing your daily tasks, the iPhone enhances every aspect of your life.

**Key Features:**

- **Exceptional Camera System:** Capture breathtaking photos and videos with our state-of-the-art camera system featuring advanced computational photography capabilities. Whites are whiter; colors pop even brighter—every shot is Instagram-ready.

- **Stunning Display:** Enjoy immersive visuals on a vibrant Super Retina XDR display that brings everything to life with bold details and true-to-life colors. Whether you're streaming movies or scrolling through social media feeds, visuals have never looked this good.

- **Lightning-Fast Performance:** Powered by Apple’s latest A-series chip boasting faster algorithms for seamless multitasking applications while optimizing energy consumption. Run games top-notch quality without lagging behind!

- **Enhanced Privacy & Security:** With Face ID technology designed using sophisticated neural networks along with encryption algorithms protects your personal data against unauthorized access swiftly upgraded privacy settings keep your information safe - always at hand but well-protected too!

- **iOS Features & Integrations We're Continuing To Innovate!**
  Now equipped yourself further enjoying augmented reality experiences right outta apps; intuitive Siri assists end users wherever conceivable – utilize reminders effortlessly connect seamlessly via AirTags amongst other devices like Macbooks keeping purposeful"
gpt-4o-mini,1.2,300,1.5,1.5,"**Apple iPhone – Elevate Your Everyday Experience**

Discover the power of innovation and style with the latest Apple iPhone. Engineered to perfection, this smartphone seamlessly blends cutting-edge technology with an elegant design.

### Key Features:

- **Stunning Display:** Experience stunning visuals on a vibrant Super Retina XDR display that delivers true-to-life colors and deeper blacks for all your videos, photos, and games.
  
- **Advanced Camera System:** Capture every moment in breathtaking detail with a state-of-the-art camera system featuring night mode, deep fusion, and enhanced computational photography capabilities. Perfect selfies or detailed landscapes are just a click away.

- **Powerful Performance:** Powered by Apple’s most advanced chip yet (choose from A15 Bionic or newer), enjoy lightning-fast performance whether you’re gaming, browsing through apps or multitasking between work projects.

- **5G Capable:** Stay connected like never before with blazing fast 5G speeds allowing faster downloads/uploads as well as smoother streaming experiences wherever you go.

- **Long-lasting Battery Life:** Enjoy hours of action on a single charge! The iPhone's energy-efficient features offer impressive battery longevity tailored for daily demands without compromising functionality.

- **iOS Ecosystem Integration:** Benefit from seamless integration within the Apple ecosystem; sync across devices effortlessly using services such as iCloud—where everything is backed up so that you're always one tap away from your favorites!

### Why Choose Us?
Purchase directly at our store today to receive personalized setup assistance along with"
